{"cameraMode":{"drawMode":0,"name":"Shaded","section":"Shading Mode"},"sceneLighting":false,"audioPlay":false,"sceneViewState":{"m_AlwaysRefresh":false,"showFog":true,"showSkybox":false,"showFlares":true,"showImageEffects":true,"showParticleSystems":true,"showVisualEffectGraphs":true,"m_FxEnabled":true},"in2DMode":false,"pivot":{"x":-0.07180836796760559,"y":-0.030256152153015138,"z":0.30525755882263186},"rotation":{"x":0.27653831243515017,"y":-0.6713653206825256,"z":0.300051748752594,"w":0.6187036633491516},"size":0.5662077069282532,"orthographic":false}