{"cameraMode":{"drawMode":0,"name":"Shaded","section":"Shading Mode"},"sceneLighting":true,"audioPlay":false,"sceneViewState":{"m_AlwaysRefresh":false,"showFog":true,"showSkybox":true,"showFlares":true,"showImageEffects":true,"showParticleSystems":true,"showVisualEffectGraphs":true,"m_FxEnabled":true},"in2DMode":false,"pivot":{"x":17.904708862304689,"y":4.004143714904785,"z":16.794288635253908},"rotation":{"x":0.11516351997852326,"y":-0.1775032877922058,"z":0.020894689485430719,"w":0.9771543741226196},"size":0.49095869064331057,"orthographic":false}