{"cameraMode":{"drawMode":0,"name":"Shaded","section":"Shading Mode"},"sceneLighting":true,"audioPlay":false,"sceneViewState":{"m_AlwaysRefresh":false,"showFog":true,"showSkybox":true,"showFlares":true,"showImageEffects":true,"showParticleSystems":true,"showVisualEffectGraphs":true,"m_FxEnabled":true},"in2DMode":false,"pivot":{"x":24.870759963989259,"y":2.94765567779541,"z":12.708619117736817},"rotation":{"x":-0.06738220900297165,"y":-0.8773787617683411,"z":0.45712214708328249,"w":-0.12937766313552857},"size":0.8660253882408142,"orthographic":false}