{"cameraMode":{"drawMode":0,"name":"Shaded","section":"Shading Mode"},"sceneLighting":true,"audioPlay":false,"sceneViewState":{"m_AlwaysRefresh":false,"showFog":true,"showSkybox":true,"showFlares":true,"showImageEffects":true,"showParticleSystems":true,"showVisualEffectGraphs":true,"m_FxEnabled":true},"in2DMode":false,"pivot":{"x":17.52133560180664,"y":2.4800000190734865,"z":16.226367950439454},"rotation":{"x":0.10717310756444931,"y":0.7332696914672852,"z":-0.11896491795778275,"w":0.6608419418334961},"size":0.5484681725502014,"orthographic":false}