{"cameraMode":{"drawMode":0,"name":"Shaded","section":"Shading Mode"},"sceneLighting":true,"audioPlay":false,"sceneViewState":{"m_AlwaysRefresh":false,"showFog":true,"showSkybox":true,"showFlares":true,"showImageEffects":true,"showParticleSystems":true,"showVisualEffectGraphs":true,"m_FxEnabled":true},"in2DMode":false,"pivot":{"x":18.577011108398439,"y":4.721775054931641,"z":17.999780654907228},"rotation":{"x":0.009698346257209778,"y":-0.559417724609375,"z":-0.006525862962007523,"w":-0.8288271427154541},"size":1.851364016532898,"orthographic":false}