{"cameraMode":{"drawMode":0,"name":"Shaded","section":"Shading Mode"},"sceneLighting":true,"audioPlay":false,"sceneViewState":{"m_AlwaysRefresh":false,"showFog":true,"showSkybox":true,"showFlares":true,"showImageEffects":true,"showParticleSystems":true,"showVisualEffectGraphs":true,"m_FxEnabled":true},"in2DMode":false,"pivot":{"x":18.352252960205079,"y":3.798462152481079,"z":18.16107177734375},"rotation":{"x":0.009698346257209778,"y":-0.559417724609375,"z":-0.006525862962007523,"w":-0.8288271427154541},"size":0.7850591540336609,"orthographic":false}