{"cameraMode":{"drawMode":0,"name":"Shaded","section":"Shading Mode"},"sceneLighting":false,"audioPlay":false,"sceneViewState":{"m_AlwaysRefresh":false,"showFog":true,"showSkybox":false,"showFlares":true,"showImageEffects":true,"showParticleSystems":true,"showVisualEffectGraphs":true,"m_FxEnabled":true},"in2DMode":false,"pivot":{"x":0.23308610916137696,"y":-0.16516542434692384,"z":-0.14988231658935548},"rotation":{"x":0.27653831243515017,"y":-0.6713653206825256,"z":0.300051748752594,"w":0.6187036633491516},"size":5.077776908874512,"orthographic":false}